{"acc": 0.700168434004721, "loss": 0.2470507342382925, "_timestamp": 1717424164.3546321, "_runtime": 8.43319320678711, "_step": 7, "_wandb": {"runtime": 8}}